name	chars	location
adonisjs-architecture	354	/Users/tonours/.pi/agent/skills/adonisjs-architecture/SKILL.md
adonisjs-backend	372	/Users/tonours/.pi/agent/skills/adonisjs-backend/SKILL.md
adonisjs-review	343	/Users/tonours/.pi/agent/skills/adonisjs-review/SKILL.md
adonisjs-suite	373	/Users/tonours/.pi/agent/skills/adonisjs-suite/SKILL.md
adonisjs-testing	357	/Users/tonours/.pi/agent/skills/adonisjs-testing/SKILL.md
adonisjs-tuyau	376	/Users/tonours/.pi/agent/skills/adonisjs-tuyau/SKILL.md
adversary	226	/Users/tonours/.pi/agent/skills/adversary/SKILL.md
brave-search	352	/Users/tonours/.pi/agent/skills/brave-search/SKILL.md
bug-bounty	461	/Users/tonours/.pi/agent/skills/bug-bounty/SKILL.md
bug-check	197	/Users/tonours/.pi/agent/skills/bug-check/SKILL.md
ci-fix	193	/Users/tonours/.pi/agent/skills/ci-fix/SKILL.md
code-quality	249	/Users/tonours/.pi/agent/skills/code-quality/SKILL.md
code-review	287	/Users/tonours/.pi/agent/skills/code-review/SKILL.md
code-simplifier	282	/Users/tonours/.pi/agent/skills/code-simplifier/SKILL.md
codebase-design	437	/Users/tonours/.pi/agent/skills/codebase-design/SKILL.md
coolify	554	/Users/tonours/.pi/agent/skills/coolify/SKILL.md
diagnosing-bugs	343	/Users/tonours/.pi/agent/skills/diagnosing-bugs/SKILL.md
domain-modeling	322	/Users/tonours/.pi/agent/skills/domain-modeling/SKILL.md
electron-audit	496	/Users/tonours/.pi/agent/skills/electron-audit/SKILL.md
ember-forestadmin-architecture	308	/Users/tonours/.pi/agent/skills/ember-forestadmin-architecture/SKILL.md
ember-forestadmin-components	306	/Users/tonours/.pi/agent/skills/ember-forestadmin-components/SKILL.md
ember-forestadmin-data	273	/Users/tonours/.pi/agent/skills/ember-forestadmin-data/SKILL.md
ember-forestadmin-debug	311	/Users/tonours/.pi/agent/skills/ember-forestadmin-debug/SKILL.md
ember-forestadmin-lint-style	289	/Users/tonours/.pi/agent/skills/ember-forestadmin-lint-style/SKILL.md
ember-forestadmin-migration	277	/Users/tonours/.pi/agent/skills/ember-forestadmin-migration/SKILL.md
ember-forestadmin-react-mfe	280	/Users/tonours/.pi/agent/skills/ember-forestadmin-react-mfe/SKILL.md
ember-forestadmin-routes	281	/Users/tonours/.pi/agent/skills/ember-forestadmin-routes/SKILL.md
ember-forestadmin-services-state	304	/Users/tonours/.pi/agent/skills/ember-forestadmin-services-state/SKILL.md
ember-forestadmin-suite	268	/Users/tonours/.pi/agent/skills/ember-forestadmin-suite/SKILL.md
ember-forestadmin-testing	315	/Users/tonours/.pi/agent/skills/ember-forestadmin-testing/SKILL.md
ember-forestadmin-workflow-visualizer	321	/Users/tonours/.pi/agent/skills/ember-forestadmin-workflow-visualizer/SKILL.md
ember-standalone-workflow-package	310	/Users/tonours/.pi/agent/skills/ember-standalone-workflow-package/SKILL.md
full-output-enforcement	386	/Users/tonours/.pi/agent/skills/full-output-enforcement/SKILL.md
grill-me	404	/Users/tonours/.pi/agent/skills/grill-me/SKILL.md
herdr	289	/Users/tonours/.pi/agent/skills/herdr/SKILL.md
impeccable	1052	/Users/tonours/.pi/agent/skills/impeccable/SKILL.md
implement	190	/Users/tonours/.pi/agent/skills/implement/SKILL.md
linear-ticket-create	228	/Users/tonours/.pi/agent/skills/linear-ticket-create/SKILL.md
linear-work	194	/Users/tonours/.pi/agent/skills/linear-work/SKILL.md
markdown-converter	477	/Users/tonours/.pi/agent/skills/markdown-converter/SKILL.md
obsidian	232	/Users/tonours/.pi/agent/skills/obsidian/SKILL.md
plan-implement	215	/Users/tonours/.pi/agent/skills/plan-implement/SKILL.md
plan-loop	209	/Users/tonours/.pi/agent/skills/plan-loop/SKILL.md
pr-qa	203	/Users/tonours/.pi/agent/skills/pr-qa/SKILL.md
pr-review	215	/Users/tonours/.pi/agent/skills/pr-review/SKILL.md
project-hunt	294	/Users/tonours/.pi/agent/skills/project-hunt/SKILL.md
prototype	334	/Users/tonours/.pi/agent/skills/prototype/SKILL.md
research	391	/Users/tonours/.pi/agent/skills/research/SKILL.md
resolving-merge-conflicts	257	/Users/tonours/.pi/agent/skills/resolving-merge-conflicts/SKILL.md
review	213	/Users/tonours/.pi/agent/skills/review/SKILL.md
sec-pr	226	/Users/tonours/.pi/agent/skills/sec-pr/SKILL.md
setup-pstack	405	/Users/tonours/.pi/agent/skills/setup-pstack/SKILL.md
verify	189	/Users/tonours/.pi/agent/skills/verify/SKILL.md
web-audit	421	/Users/tonours/.pi/agent/skills/web-audit/SKILL.md
wizard	467	/Users/tonours/.pi/agent/skills/wizard/SKILL.md
adonisjs-best-practices	392	/Users/tonours/.agents/skills/adonisjs-best-practices/SKILL.md
check-compiler-errors	232	/Users/tonours/.agents/skills/check-compiler-errors/SKILL.md
control-cli	369	/Users/tonours/.agents/skills/control-cli/SKILL.md
control-ui	368	/Users/tonours/.agents/skills/control-ui/SKILL.md
deslop	200	/Users/tonours/.agents/skills/deslop/SKILL.md
find-skills	490	/Users/tonours/.agents/skills/find-skills/SKILL.md
fix-ci	232	/Users/tonours/.agents/skills/fix-ci/SKILL.md
fix-merge-conflicts	274	/Users/tonours/.agents/skills/fix-merge-conflicts/SKILL.md
get-pr-comments	229	/Users/tonours/.agents/skills/get-pr-comments/SKILL.md
html-design-prototypes	1207	/Users/tonours/.agents/skills/html-design-prototypes/SKILL.md
html-prototype	618	/Users/tonours/.agents/skills/html-prototype/SKILL.md
loop-on-ci	267	/Users/tonours/.agents/skills/loop-on-ci/SKILL.md
make-pr-easy-to-review	452	/Users/tonours/.agents/skills/make-pr-easy-to-review/SKILL.md
new-branch-and-pr	230	/Users/tonours/.agents/skills/new-branch-and-pr/SKILL.md
review-and-ship	293	/Users/tonours/.agents/skills/review-and-ship/SKILL.md
run-smoke-tests	225	/Users/tonours/.agents/skills/run-smoke-tests/SKILL.md
runtime-skill-canary	516	/Users/tonours/.agents/skills/runtime-skill-canary/SKILL.md
tanstack-start-best-practices	393	/Users/tonours/.agents/skills/tanstack-start-best-practices/SKILL.md
ui	169	/Users/tonours/.agents/skills/ui/SKILL.md
verify-this	325	/Users/tonours/.agents/skills/verify-this/SKILL.md
weekly-review	262	/Users/tonours/.agents/skills/weekly-review/SKILL.md
what-did-i-get-done	255	/Users/tonours/.agents/skills/what-did-i-get-done/SKILL.md
workflow-from-chats	412	/Users/tonours/.agents/skills/workflow-from-chats/SKILL.md
commit	215	/Users/tonours/.pi/agent/npm/node_modules/mitsupi/skills/commit/SKILL.md
github	310	/Users/tonours/.pi/agent/npm/node_modules/mitsupi/skills/github/SKILL.md
autoresearch-create	496	/Users/tonours/.pi/agent/npm/node_modules/pi-autoresearch/skills/autoresearch-create/SKILL.md
autoresearch-finalize	412	/Users/tonours/.pi/agent/npm/node_modules/pi-autoresearch/skills/autoresearch-finalize/SKILL.md
autoresearch-hooks	459	/Users/tonours/.pi/agent/npm/node_modules/pi-autoresearch/skills/autoresearch-hooks/SKILL.md
mcp-scripting	273	/Users/tonours/.pi/agent/npm/node_modules/pi-mcp-adapter/skills/mcp-scripting/SKILL.md
council-mode	375	/Users/tonours/.pi/agent/npm/node_modules/pi-subagents/skills/council-mode/SKILL.md
pi-subagents	512	/Users/tonours/.pi/agent/npm/node_modules/pi-subagents/skills/pi-subagents/SKILL.md
architect	454	/Users/tonours/.pi/agent/npm/node_modules/@zenspc/pi-pstack/skills/architect/SKILL.md
automate-me	527	/Users/tonours/.pi/agent/npm/node_modules/@zenspc/pi-pstack/skills/automate-me/SKILL.md
blast-radius	493	/Users/tonours/.pi/agent/npm/node_modules/@zenspc/pi-pstack/skills/blast-radius/SKILL.md
create-verification-skill	508	/Users/tonours/.pi/agent/npm/node_modules/@zenspc/pi-pstack/skills/create-verification-skill/SKILL.md
figure-it-out	555	/Users/tonours/.pi/agent/npm/node_modules/@zenspc/pi-pstack/skills/figure-it-out/SKILL.md
how	542	/Users/tonours/.pi/agent/npm/node_modules/@zenspc/pi-pstack/skills/how/SKILL.md
interrogate	481	/Users/tonours/.pi/agent/npm/node_modules/@zenspc/pi-pstack/skills/interrogate/SKILL.md
maintain-verification-skill	507	/Users/tonours/.pi/agent/npm/node_modules/@zenspc/pi-pstack/skills/maintain-verification-skill/SKILL.md
poteto-mode	394	/Users/tonours/.pi/agent/npm/node_modules/@zenspc/pi-pstack/skills/poteto-mode/SKILL.md
principle-boundary-discipline	441	/Users/tonours/.pi/agent/npm/node_modules/@zenspc/pi-pstack/skills/principle-boundary-discipline/SKILL.md
principle-build-the-lever	488	/Users/tonours/.pi/agent/npm/node_modules/@zenspc/pi-pstack/skills/principle-build-the-lever/SKILL.md
principle-encode-lessons-in-structure	442	/Users/tonours/.pi/agent/npm/node_modules/@zenspc/pi-pstack/skills/principle-encode-lessons-in-structure/SKILL.md
principle-exhaust-the-design-space	416	/Users/tonours/.pi/agent/npm/node_modules/@zenspc/pi-pstack/skills/principle-exhaust-the-design-space/SKILL.md
principle-experience-first	387	/Users/tonours/.pi/agent/npm/node_modules/@zenspc/pi-pstack/skills/principle-experience-first/SKILL.md
principle-fix-root-causes	389	/Users/tonours/.pi/agent/npm/node_modules/@zenspc/pi-pstack/skills/principle-fix-root-causes/SKILL.md
principle-foundational-thinking	442	/Users/tonours/.pi/agent/npm/node_modules/@zenspc/pi-pstack/skills/principle-foundational-thinking/SKILL.md
principle-guard-the-context-window	412	/Users/tonours/.pi/agent/npm/node_modules/@zenspc/pi-pstack/skills/principle-guard-the-context-window/SKILL.md
principle-laziness-protocol	402	/Users/tonours/.pi/agent/npm/node_modules/@zenspc/pi-pstack/skills/principle-laziness-protocol/SKILL.md
principle-make-operations-idempotent	422	/Users/tonours/.pi/agent/npm/node_modules/@zenspc/pi-pstack/skills/principle-make-operations-idempotent/SKILL.md
principle-migrate-callers-then-delete-legacy-apis	442	/Users/tonours/.pi/agent/npm/node_modules/@zenspc/pi-pstack/skills/principle-migrate-callers-then-delete-legacy-apis/SKILL.md
principle-minimize-reader-load	436	/Users/tonours/.pi/agent/npm/node_modules/@zenspc/pi-pstack/skills/principle-minimize-reader-load/SKILL.md
principle-model-the-domain	398	/Users/tonours/.pi/agent/npm/node_modules/@zenspc/pi-pstack/skills/principle-model-the-domain/SKILL.md
principle-never-block-on-the-human	433	/Users/tonours/.pi/agent/npm/node_modules/@zenspc/pi-pstack/skills/principle-never-block-on-the-human/SKILL.md
principle-outcome-oriented-execution	439	/Users/tonours/.pi/agent/npm/node_modules/@zenspc/pi-pstack/skills/principle-outcome-oriented-execution/SKILL.md
principle-prove-it-works	420	/Users/tonours/.pi/agent/npm/node_modules/@zenspc/pi-pstack/skills/principle-prove-it-works/SKILL.md
principle-redesign-from-first-principles	423	/Users/tonours/.pi/agent/npm/node_modules/@zenspc/pi-pstack/skills/principle-redesign-from-first-principles/SKILL.md
principle-separate-before-serializing-shared-state	461	/Users/tonours/.pi/agent/npm/node_modules/@zenspc/pi-pstack/skills/principle-separate-before-serializing-shared-state/SKILL.md
principle-sequence-verifiable-units	505	/Users/tonours/.pi/agent/npm/node_modules/@zenspc/pi-pstack/skills/principle-sequence-verifiable-units/SKILL.md
principle-subtract-before-you-add	395	/Users/tonours/.pi/agent/npm/node_modules/@zenspc/pi-pstack/skills/principle-subtract-before-you-add/SKILL.md
principle-type-system-discipline	528	/Users/tonours/.pi/agent/npm/node_modules/@zenspc/pi-pstack/skills/principle-type-system-discipline/SKILL.md
reflect	358	/Users/tonours/.pi/agent/npm/node_modules/@zenspc/pi-pstack/skills/reflect/SKILL.md
show-me-your-work	534	/Users/tonours/.pi/agent/npm/node_modules/@zenspc/pi-pstack/skills/show-me-your-work/SKILL.md
tdd	403	/Users/tonours/.pi/agent/npm/node_modules/@zenspc/pi-pstack/skills/tdd/SKILL.md
teach	463	/Users/tonours/.pi/agent/npm/node_modules/@zenspc/pi-pstack/skills/teach/SKILL.md
typescript-best-practices	298	/Users/tonours/.pi/agent/npm/node_modules/@zenspc/pi-pstack/skills/typescript-best-practices/SKILL.md
unslop	233	/Users/tonours/.pi/agent/npm/node_modules/@zenspc/pi-pstack/skills/unslop/SKILL.md
why	619	/Users/tonours/.pi/agent/npm/node_modules/@zenspc/pi-pstack/skills/why/SKILL.md
pi-lens-ast-grep	299	/Users/tonours/.pi/agent/npm/node_modules/pi-lens/skills/pi-lens-ast-grep/SKILL.md
pi-lens-lsp-navigation	357	/Users/tonours/.pi/agent/npm/node_modules/pi-lens/skills/pi-lens-lsp-navigation/SKILL.md
pi-lens-write-ast-grep-rule	335	/Users/tonours/.pi/agent/npm/node_modules/pi-lens/skills/pi-lens-write-ast-grep-rule/SKILL.md
pi-lens-write-tree-sitter-rule	362	/Users/tonours/.pi/agent/npm/node_modules/pi-lens/skills/pi-lens-write-tree-sitter-rule/SKILL.md
